<?xml version="1.0" encoding="UTF-8"?>
<project-private xmlns="http://www.netbeans.org/ns/project-private/1">
    <editor-bookmarks xmlns="http://www.netbeans.org/ns/editor-bookmarks/2" lastBookmarkId="0"/>
    <open-files xmlns="http://www.netbeans.org/ns/projectui-open-files/2">
        <group>
            <file>file:/C:/Users/karti/OneDrive/Documents/NetBeansProjects/OnlineExaminationSystem/src/Exam_Management/TimeManager.java</file>
            <file>file:/C:/Users/karti/OneDrive/Documents/NetBeansProjects/OnlineExaminationSystem/src/Exam_Management/Question.java</file>
            <file>file:/C:/Users/karti/OneDrive/Documents/NetBeansProjects/OnlineExaminationSystem/src/Exam_Management/Exam.java</file>
            <file>file:/C:/Users/karti/OneDrive/Documents/NetBeansProjects/OnlineExaminationSystem/src/onlineexaminationsystem/OnlineExaminationSystem.java</file>
            <file>file:/C:/Users/karti/OneDrive/Documents/NetBeansProjects/OnlineExaminationSystem/src/SessionManagement/SessionManager.java</file>
            <file>file:/C:/Users/karti/OneDrive/Documents/NetBeansProjects/OnlineExaminationSystem/src/UserManagement/ProfileManager.java</file>
            <file>file:/C:/Users/karti/OneDrive/Documents/NetBeansProjects/OnlineExaminationSystem/src/UserManagement/User.java</file>
            <file>file:/C:/Users/karti/OneDrive/Documents/NetBeansProjects/OnlineExaminationSystem/src/UserManagement/LoginManager.java</file>
        </group>
    </open-files>
</project-private>
